{"ambient.cave":{"sounds":[],"replace":true},"weather.rain":{"sounds":[{"name":"ambient\/weather\/rain1","volume":0.05},{"name":"ambient\/weather\/rain2","volume":0.05},{"name":"ambient\/weather\/rain3","volume":0.05},{"name":"ambient\/weather\/rain4","volume":0.05},{"name":"ambient\/weather\/rain5","volume":0.05},{"name":"ambient\/weather\/rain6","volume":0.05},{"name":"ambient\/weather\/rain7","volume":0.05},{"name":"ambient\/weather\/rain8","volume":0.05}],"replace":true,"subtitle":"subtitles.weather.rain"},"weather.rain.above":{"sounds":[{"name":"ambient\/weather\/rain1","volume":0.05},{"name":"ambient\/weather\/rain2","volume":0.05},{"name":"ambient\/weather\/rain3","volume":0.05},{"name":"ambient\/weather\/rain4","volume":0.05}],"replace":true,"subtitle":"subtitles.weather.rain"},"item.spyglass.use":{"sounds":[{"name":"item\/spyglass\/funny","volume":0.5}],"replace":true}}